rot22,rot,bla,rot22@gmail.com
emily.fields,emily,fields,emily43@gmail.com
hannaMa,hanna,marin,marinhanna4@gmail.com
Dan,Dan,Levi,danlevi@gmail.com
Real_Tim,Tim,Gabay,TheRealTim@gmail.com
EzraF,Ezra,Fits,fitsEzra@gmail.com
spens,Spencer,Heistings,SpencerH@gmail.com
spens22,Spencer,Heistings,SpencerH@gmail.com
